City,Lat,Lng,Max Temp,Humidity,Cloudiness,Wind Speed,Country,Date
Urucará,-2.5364,-57.76,86.77,60,83,5.23,BR,1643732699
Muli,2.9167,73.5667,83.55,74,39,14.45,MV,1643732700
Yellowknife,62.456,-114.3525,-27.58,75,0,9.22,CA,1643732456
Cabedelo,-6.9811,-34.8339,88.47,64,13,12.82,BR,1643732700
Union,40.6334,-74.2663,36.27,57,0,5.75,US,1643732436
Vaini,-21.2,-175.2,75.36,94,20,3.44,TO,1643732476
Setermoen,68.861,18.3486,9.1,85,84,9.78,NO,1643732701
Khatanga,71.9667,102.5,-34.67,100,20,3.58,RU,1643732655
Río Gallegos,-51.6226,-69.2181,57.25,24,75,49.48,AR,1643732701
Saldanha,-33.0117,17.9442,75.25,82,19,11.03,ZA,1643732786
Lishui,28.4604,119.9103,38.21,98,100,2.28,CN,1643732786
Cherskiy,68.75,161.3,-6.07,81,100,1.72,RU,1643732787
Rikitea,-23.1203,-134.9692,77.83,68,28,7.78,PF,1643732398
Kapaa,22.0752,-159.319,65.12,75,75,5.75,US,1643732473
Mar del Plata,-38.0023,-57.5575,78.82,50,0,25.01,AR,1643732208
Albany,42.6001,-73.9662,33.67,53,7,5.01,US,1643732443
Yar-Sale,66.8333,70.8333,-15.74,99,67,6.82,RU,1643732787
Bluff,-46.6,168.3333,61.81,92,56,9.04,NZ,1643732398
Yulara,-25.2406,130.9889,67.84,100,100,11.5,AU,1643732788
Tahoua,14.8888,5.2692,82.38,6,1,6.91,NE,1643732788
Hermanus,-34.4187,19.2345,81.9,76,3,6.58,ZA,1643732405
Kavaratti,10.5669,72.642,80.82,69,5,7.76,IN,1643732788
Barrow,71.2906,-156.7887,-14.78,76,0,0.0,US,1643732408
Chui,-33.6971,-53.4616,74.86,38,0,3.91,UY,1643732789
Ushuaia,-54.8,-68.3,46.02,81,75,29.93,AR,1643732402
Hobart,-42.8794,147.3294,52.05,59,55,4.0,AU,1643732400
Lemon Tree Passage,-32.7327,152.036,75.9,92,100,1.01,AU,1643732789
Punta Arenas,-53.15,-70.9167,51.82,57,40,35.68,CL,1643732162
Faanui,-16.4833,-151.75,81.07,74,7,18.68,PF,1643732790
Lincoln,40.8,-96.667,36.14,54,0,7.0,US,1643732557
Ailigandí,9.2333,-78.0167,79.86,72,98,7.54,PA,1643732790
Hilo,19.7297,-155.09,67.62,83,100,6.91,US,1643732277
Fort-Shevchenko,44.5086,50.263,38.71,87,69,6.35,KZ,1643732790
Sørland,67.667,12.6934,30.06,54,100,22.97,NO,1643732405
Cape Town,-33.9258,18.4232,83.08,45,20,1.99,ZA,1643732211
Sakakah,29.9697,40.2064,54.97,39,0,6.38,SA,1643732791
Hasaki,35.7333,140.8333,36.0,50,2,20.8,JP,1643732407
Bredasdorp,-34.5322,20.0403,76.28,49,1,12.62,ZA,1643732482
Yārāda,17.65,83.2667,73.72,83,20,2.3,IN,1643732791
Tiksi,71.6872,128.8694,-17.01,100,100,3.53,RU,1643732792
Busselton,-33.65,115.3333,62.04,59,0,20.58,AU,1643732478
Bouca,6.5105,18.2733,92.88,11,5,3.47,CF,1643732792
Abu Samrah,35.3029,37.1841,50.95,71,46,7.18,SY,1643732793
Huarmey,-10.0681,-78.1522,75.42,72,26,9.86,PE,1643732793
Henties Bay,-22.116,14.2845,73.85,68,67,8.86,NA,1643732793
Port Blair,11.6667,92.75,75.24,83,40,2.3,IN,1643732511
Talnakh,69.4865,88.3972,6.21,95,100,9.26,RU,1643732794
Merauke,-8.4667,140.3333,77.79,83,100,9.17,ID,1643732705
Dajal,29.5577,70.3762,63.16,25,0,1.95,PK,1643732854
George Town,5.4112,100.3354,85.93,79,20,4.61,MY,1643732416
Avarua,-21.2078,-159.775,78.85,83,20,11.5,CK,1643732478
Mehamn,71.0357,27.8492,21.38,62,0,9.22,NO,1643732855
Kargasok,59.0556,80.8572,20.14,94,100,8.63,RU,1643732855
Port Alfred,-33.5906,26.891,78.8,78,100,11.59,ZA,1643732484
Ribeira Grande,38.5167,-28.7,63.0,72,20,23.02,PT,1643732472
Airai,-8.9266,125.4092,61.07,86,85,3.62,TL,1643732475
Mataura,-46.1927,168.8643,61.48,95,42,4.03,NZ,1643732275
Saint-Philippe,-21.3585,55.7679,81.95,86,54,17.69,RE,1643732338
Riyadh,24.6877,46.7219,62.74,19,0,14.54,SA,1643732687
Saskylakh,71.9167,114.0833,-27.92,100,50,1.43,RU,1643732745
Sorong,-0.8833,131.25,79.79,77,100,10.65,ID,1643732856
Bethel,41.3712,-73.414,33.89,57,0,3.44,US,1643732856
Laguna,38.421,-121.4238,50.29,55,0,5.99,US,1643732857
Fortuna,40.5982,-124.1573,38.32,85,0,8.05,US,1643732857
Upernavik,72.7868,-56.1549,-16.64,78,100,5.46,GL,1643732857
Okha,53.5739,142.9478,2.48,92,99,20.09,RU,1643732858
Verkhotur'ye,58.8627,60.8054,27.18,92,100,8.77,RU,1643732858
Porbandar,21.6422,69.6093,72.46,72,0,10.18,IN,1643732858
Atuona,-9.8,-139.0333,78.19,77,15,20.69,PF,1643732398
Tuatapere,-46.1333,167.6833,61.83,94,79,8.05,NZ,1643732859
Lorengau,-2.0226,147.2712,78.58,85,100,12.37,PG,1643732859
Diffa,13.3154,12.6113,74.68,16,4,11.59,NE,1643732859
Asău,46.4333,26.4,33.4,86,100,0.96,RO,1643732860
Kudahuvadhoo,2.6708,72.8944,82.71,76,45,15.32,MV,1643732860
Moree,-29.4667,149.85,77.02,83,100,0.0,AU,1643732860
Mazagão,-0.115,-51.2894,89.65,84,64,4.12,BR,1643732861
Santo Ângelo,-28.2992,-54.2631,97.12,24,40,9.22,BR,1643732861
Creel,27.75,-107.6333,43.88,37,0,6.87,MX,1643732861
Batagay-Alyta,67.8006,130.4114,-19.98,98,96,3.29,RU,1643732861
Tasiilaq,65.6145,-37.6368,6.96,74,91,5.46,GL,1643732740
Januária,-15.4833,-44.3667,88.23,51,96,4.18,BR,1643732862
Barinas,8.6226,-70.2075,87.49,48,99,11.5,VE,1643732862
Bambous Virieux,-20.3428,57.7575,80.22,94,75,19.57,MU,1643732862
Iqaluit,63.7506,-68.5145,-24.07,67,75,0.0,CA,1643732475
Camaná,-16.6228,-72.7111,73.99,74,99,9.37,PE,1643732863
Pisco,-13.7,-76.2167,75.25,69,40,5.75,PE,1643732697
Panabá,21.2833,-88.2667,78.37,49,39,14.25,MX,1643732863
Mugi,42.2994,47.4208,12.58,90,51,3.49,RU,1643732864
Longyearbyen,78.2186,15.6401,21.04,63,20,10.36,SJ,1643732864
Sterling,39.0062,-77.4286,38.59,59,75,1.01,US,1643732864
Palmer,42.1584,-72.3287,31.77,54,75,1.01,US,1643732697
Kahului,20.8947,-156.47,69.06,83,0,3.44,US,1643732478
New Norfolk,-42.7826,147.0587,51.71,42,51,3.83,AU,1643732379
Nikolskoye,59.7035,30.7861,26.49,98,99,2.57,RU,1643732474
Hong Kong,22.2855,114.1577,61.95,87,100,7.0,HK,1643732438
Avera,33.194,-82.5271,53.69,62,0,10.69,US,1643732925
Lebu,-37.6167,-73.65,65.95,66,1,11.63,CL,1643732925
Najrān,17.4924,44.1277,74.05,32,25,9.46,SA,1643732926
Mahébourg,-20.4081,57.7,80.26,94,75,19.57,MU,1643732926
Jamestown,42.097,-79.2353,34.3,46,0,10.0,US,1643732325
Tarakan,3.3,117.6333,80.87,77,91,10.42,ID,1643732926
Fort Smith,35.3859,-94.3986,60.42,74,100,3.0,US,1643732194
Cap Malheureux,-19.9842,57.6142,80.47,80,95,11.99,MU,1643732927
Tshikapa,-6.4167,20.8,79.7,80,87,1.66,CD,1643732927
Kita,13.0349,-9.4895,94.19,8,96,9.78,ML,1643732927
Mount Darwin,-16.7725,31.5838,73.09,81,61,4.52,ZW,1643732928
Butaritari,3.0707,172.7902,81.12,78,98,13.85,KI,1643732928
Petropavlovsk-Kamchatskiy,53.0452,158.6483,18.19,93,75,6.71,RU,1643732485
Mogadishu,2.0371,45.3438,78.94,83,100,17.67,SO,1643732928
Jesup,31.6074,-81.8854,63.68,48,0,6.91,US,1643732929
Bariloche,-41.1456,-71.3082,69.55,37,0,21.85,AR,1643732929
Lompoc,34.6391,-120.4579,56.12,70,0,6.91,US,1643732808
Manokwari,-0.8667,134.0833,77.31,84,100,9.62,ID,1643732929
Kampene,-3.6,26.6667,77.07,74,88,2.08,CD,1643732930
Chapais,49.7834,-74.8492,4.78,90,100,13.53,CA,1643732715
Belmonte,-15.8631,-38.8828,84.7,65,31,10.42,BR,1643732930
Puerto Ayora,-0.7393,-90.3518,82.36,83,87,5.01,EC,1643732479
Kismayo,-0.3582,42.5454,78.85,83,89,14.97,SO,1643732931
Aklavik,68.2191,-135.0107,-10.37,76,75,2.3,CA,1643732931
Tam Ky,15.5667,108.4833,69.78,85,94,4.63,VN,1643732931
Chifeng,42.2683,118.9636,12.16,45,0,7.27,CN,1643732931
Chake Chake,-5.2459,39.7666,79.84,77,8,10.33,TZ,1643732932
Nanortalik,60.1432,-45.2371,16.2,75,15,11.97,GL,1643732410
Cedar City,37.6775,-113.0619,24.4,60,0,4.61,US,1643732932
Springfield,37.2153,-93.2982,59.02,74,100,7.0,US,1643732832
Te Anau,-45.4167,167.7167,60.82,98,100,2.84,NZ,1643732933
Manaure,11.7751,-72.4445,87.91,58,38,10.13,CO,1643732933
Vitim,59.4511,112.5578,-2.6,99,100,3.6,RU,1643732933
Dudinka,69.4058,86.1778,6.62,94,100,14.81,RU,1643732933
Kloulklubed,7.0419,134.2556,79.3,76,100,18.68,PW,1643732934
Verkhnyaya Inta,65.9811,60.3094,-6.39,95,23,5.08,RU,1643732934
Kaeo,-35.1,173.7833,70.32,91,100,13.04,NZ,1643732934
Arraial do Cabo,-22.9661,-42.0278,85.96,74,75,12.66,BR,1643732935
Pineville,31.3224,-92.4343,64.69,78,100,1.99,US,1643732935
Tautira,-17.7333,-149.15,75.22,77,29,19.57,PF,1643732935
Sørkjosen,69.8,20.9333,19.4,45,0,13.8,NO,1643732936
Tuktoyaktuk,69.4541,-133.0374,-23.8,76,0,2.3,CA,1643732276
Panguna,-6.3164,155.4848,68.76,95,100,1.32,PG,1643732962
Guerrero Negro,27.9769,-114.0611,60.13,71,96,9.69,MX,1643732996
Metro,-5.1131,105.3067,77.88,84,100,1.83,ID,1643732997
Shimoda,34.6667,138.95,39.11,64,6,30.27,JP,1643732997
Manggar,-2.8833,108.2667,78.69,81,88,6.2,ID,1643732997
Provideniya,64.3833,-173.3,6.24,68,30,21.65,RU,1643732998
Bengkulu,-3.8004,102.2655,75.72,91,100,7.4,ID,1643732998
Bozoum,6.3193,16.3799,90.0,12,66,6.13,CF,1643732998
Patterson,37.4716,-121.1297,47.05,40,1,13.85,US,1643732656
Mata Grande,-9.1175,-37.7322,92.73,29,4,6.96,BR,1643732999
Chegdomyn,51.1167,133.0167,-17.37,100,93,1.43,RU,1643732999
Włodawa,51.55,23.55,30.51,80,99,8.52,PL,1643732999
Leningradskiy,69.3833,178.4167,-12.03,94,26,11.88,RU,1643732956
Birao,10.2849,22.7882,85.01,13,23,4.9,CF,1643733000
Mīnāb,27.1467,57.0801,71.1,83,0,0.0,IR,1643733000
Itoman,26.1247,127.6694,64.78,72,100,9.22,JP,1643733001
Flin Flon,54.7682,-101.865,-14.96,64,20,14.97,CA,1643733001
Aksarka,66.5606,67.7975,-17.77,100,84,6.42,RU,1643733002
Fort Nelson,58.8053,-122.7002,-20.61,76,75,3.44,CA,1643733003
Flinders,-34.5833,150.8552,75.18,82,100,7.0,AU,1643733004
Ambon City,-3.6954,128.1814,77.14,88,40,5.75,ID,1643733005
Jalu,29.0331,21.5482,61.09,33,63,10.16,LY,1643733006
Xining,36.6167,101.7667,14.7,68,96,2.26,CN,1643733006
Mandera,3.9366,41.867,89.44,27,92,7.76,KE,1643733007
Bandarbeyla,9.4942,50.8122,76.96,80,82,16.62,SO,1643733008
Clyde River,70.4692,-68.5914,-23.57,69,20,5.75,CA,1643732865
Port-Cartier,50.0334,-66.8654,2.75,74,11,0.83,CA,1643732827
Puerto Madero,14.7208,-92.4215,84.4,61,0,3.44,MX,1643733010
Xiangxiang,27.7333,112.5333,40.41,95,100,6.98,CN,1643732802
East London,-33.0153,27.9116,76.14,88,75,5.75,ZA,1643733010
Vila Velha,-20.3297,-40.2925,93.15,62,0,8.01,BR,1643732787
Shaunavon,49.6501,-108.4181,-6.02,97,98,11.63,CA,1643732758
Pathein,16.7833,94.7333,63.66,64,60,5.08,MM,1643733011
Chokurdakh,70.6333,147.9167,-16.58,97,100,0.96,RU,1643732480
Novoagansk,61.9449,76.6625,0.27,99,100,2.55,RU,1643733012
Aitape,-3.1374,142.3475,76.71,91,100,6.46,PG,1643733012
Pierre,44.3683,-100.351,18.86,54,0,3.0,US,1643733007
Voh,-20.9667,164.7,74.8,86,26,2.37,NC,1643733013
Nome,64.5011,-165.4064,24.87,39,0,13.8,US,1643733013
Province of Mantua,45.1667,10.7833,57.52,43,0,1.99,IT,1643733013
Sovetskiy,61.3614,63.5842,-0.33,100,74,4.9,RU,1643733014
Katherine,-14.4667,132.2667,77.32,78,68,8.05,AU,1643733014
Kruisfontein,-34.0033,24.7314,79.88,62,36,12.17,ZA,1643732472
Havøysund,70.9963,24.6622,23.88,70,89,10.02,NO,1643733015
Bubaque,11.2833,-15.8333,79.43,72,15,12.55,GW,1643733075
Iwanai,42.9744,140.5089,24.69,91,100,5.32,JP,1643733075
Basco,20.4487,121.9702,72.79,77,100,18.5,PH,1643732484
Itarema,-2.9248,-39.9167,86.31,62,95,16.15,BR,1643733076
Faya,18.3851,42.4509,59.11,68,5,3.71,SA,1643733076
Copiapó,-27.3667,-70.3333,71.29,36,11,9.53,CL,1643733076
Isangel,-19.55,169.2667,77.83,88,100,3.62,VU,1643733077
Vostok,46.4856,135.8833,-4.79,98,99,4.38,RU,1643733077
Gouyave,12.1646,-61.7296,84.97,66,40,23.02,GD,1643733078
Springbok,-29.6643,17.8865,74.05,58,17,9.15,ZA,1643733078
Kot Radha Kishan,31.1725,74.0997,59.11,48,1,4.41,PK,1643733078
Albeşti,47.7,27.0667,37.81,79,95,3.33,RO,1643733079
Puerto Gaitán,4.3133,-72.0816,93.81,24,100,15.35,CO,1643732998
Taoudenni,22.6783,-3.9836,82.56,13,33,13.87,ML,1643733079
Dothan,31.2232,-85.3905,63.61,58,0,3.0,US,1643733080
Athens,37.9795,23.7162,60.13,79,75,8.99,GR,1643732988
Mormugao,15.4,73.8,78.06,78,0,5.75,IN,1643733080
Cabo San Lucas,22.8909,-109.9124,71.51,52,0,3.44,MX,1643733080
Deer Lake,49.1667,-57.4316,15.66,53,40,13.8,CA,1643733081
Juneau,58.3019,-134.4197,23.05,89,20,0.0,US,1643733016
Bagar,28.1874,75.5005,59.65,38,0,5.7,IN,1643733081
Severo-Kuril'sk,50.6789,156.125,24.82,78,37,8.21,RU,1643733008
Kinablangan,7.6947,126.5503,76.62,85,95,5.93,PH,1643733082
Manaus,-3.1019,-60.025,86.5,70,75,8.05,BR,1643733007
São Filipe,14.8961,-24.4956,75.25,75,100,5.91,CV,1643733082
Berlevåg,70.8578,29.0864,17.6,72,40,12.5,NO,1643733083
Baruun-Urt,46.6806,113.2792,-10.26,90,4,4.47,MN,1643733083
Enshi,30.3,109.4833,37.54,96,100,3.94,CN,1643733083
Hithadhoo,-0.6,73.0833,82.92,72,14,13.71,MV,1643733084
Atar,20.5169,-13.0499,90.7,7,85,16.87,MR,1643732945
Naze,28.3667,129.4833,54.91,72,100,11.83,JP,1643733042
Kutoarjo,-7.7169,109.9128,78.15,89,97,2.91,ID,1643732882
Charters Towers,-20.1,146.2667,78.53,79,100,5.99,AU,1643733084
Burnie,-41.0667,145.9167,53.92,71,17,10.4,AU,1643733085
Santa Isabel,-23.3156,-46.2214,78.66,77,98,9.82,BR,1643733085
Ilulissat,69.2167,-51.1,3.22,55,75,13.8,GL,1643733085
Lakes Entrance,-37.8811,147.981,61.57,75,68,14.76,AU,1643733086
Biak,-0.9131,122.8766,77.76,77,100,5.37,ID,1643733086
Yangi Marg`ilon,40.4272,71.7189,31.42,74,8,6.91,UZ,1643733086
Port Lincoln,-34.7333,135.8667,60.22,59,3,19.06,AU,1643732813
Kavieng,-2.5744,150.7967,77.59,87,100,8.72,PG,1643733087
Raudeberg,61.9875,5.1352,35.87,94,100,1.01,NO,1643733087
Carnarvon,-24.8667,113.6333,77.07,83,43,20.71,AU,1643733088
Namatanai,-3.6667,152.4333,77.67,86,92,5.21,PG,1643733088
Soure,-0.7167,-48.5233,81.52,77,67,8.39,BR,1643733088
Vao,-22.6667,167.4833,76.08,84,94,8.14,NC,1643733089
Grindavik,63.8424,-22.4338,30.67,100,100,14.97,IS,1643733149
Pahrump,36.2083,-115.9839,49.17,28,100,2.53,US,1643732972
Norman Wells,65.282,-126.8329,-16.56,69,75,2.3,CA,1643733149
Waldoboro,44.0954,-69.3756,25.54,80,35,4.94,US,1643733150
Coquimbo,-29.9533,-71.3436,65.93,72,100,8.05,CL,1643733150
Balaipungut,1.05,101.2833,77.41,94,100,1.7,ID,1643733150
Coyhaique,-45.5752,-72.0662,67.95,45,75,9.22,CL,1643733151
Longhua,23.6137,114.1919,49.91,93,100,3.51,CN,1643733151
Diego de Almagro,-26.3667,-70.05,80.2,23,0,12.01,CL,1643733151
Thompson,55.7435,-97.8558,-20.04,69,75,13.8,CA,1643733151
Beisfjord,68.3751,17.5988,23.05,62,93,11.54,NO,1643733152
Carbonia,39.1672,8.5222,54.01,75,8,12.71,IT,1643733152
Lata,40.1629,-8.3327,66.92,52,0,8.77,PT,1643733152
Acaraú,-2.8856,-40.12,87.08,60,94,16.24,BR,1643733000
Pozo Colorado,-23.4923,-58.7972,106.36,14,0,5.79,PY,1643733153
Maracás,-13.4411,-40.4308,82.89,45,17,5.44,BR,1643733153
Filingué,14.3521,3.3168,80.67,6,3,8.52,NE,1643733153
Cidreira,-30.1811,-50.2056,75.85,63,91,9.06,BR,1643733154
Cherëmukhovo,60.3484,59.9851,7.77,98,100,0.94,RU,1643733154
Sajanan,37.0573,9.2426,53.87,67,34,22.48,TN,1643733154
Rocha,-34.4833,-54.3333,78.19,34,0,2.98,UY,1643733155
San Cristobal,7.7669,-72.225,73.58,32,54,8.3,VE,1643733155
Paamiut,61.994,-49.6678,16.18,84,100,8.52,GL,1643733155
La Palma,33.8464,-118.0467,57.83,86,75,3.0,US,1643733155
Santa Isabel Rio Negro,-0.4139,-65.0192,93.02,45,88,4.97,BR,1643733156
Hurghada,27.2574,33.8129,64.44,48,0,0.0,EG,1643732998
Lagoa,39.05,-27.9833,59.07,78,24,17.85,PT,1643733021
Codajás,-3.8367,-62.0569,83.66,80,69,3.58,BR,1643733156
Qui Nhon,13.7667,109.2333,72.63,88,100,9.55,VN,1643733156
Murgab,37.4966,61.9714,53.47,43,100,4.61,TM,1643733157
Hegang,47.4,130.3667,-3.75,92,40,5.48,CN,1643733157
Qaanaaq,77.484,-69.3632,-15.93,85,100,8.9,GL,1643733157
Ust'-Omchug,61.15,149.6333,-6.0,96,100,7.72,RU,1643733158
Kommunisticheskiy,61.6789,64.4819,-3.26,100,48,4.68,RU,1643733158
Banda Aceh,5.5577,95.3222,78.42,81,34,5.7,ID,1643733158
Nelson Bay,-32.7167,152.15,76.08,93,100,10.33,AU,1643733159
Tabuk,17.4189,121.4443,69.48,91,95,0.74,PH,1643733159
San Patricio,28.017,-97.5169,66.06,68,94,6.64,US,1643733160
Cururupu,-1.8283,-44.8683,88.12,57,86,8.01,BR,1643733160
Três Passos,-27.4556,-53.9319,98.89,14,0,4.32,BR,1643733160
Fairview Heights,38.5889,-89.9904,57.72,56,75,8.05,US,1643733161
Porto Santo,33.072,-16.3415,67.91,72,0,23.02,PT,1643733161
Yarkovo,57.4028,67.0786,10.49,96,74,6.15,RU,1643733161
Goderich,43.7501,-81.7165,34.92,69,100,17.27,CA,1643733162
Tiarei,-17.5333,-149.3333,75.22,77,10,21.47,PF,1643733162
Myanaung,18.2833,95.3167,61.77,35,3,2.84,MM,1643733222
Okhotsk,59.3833,143.3,0.61,78,66,17.54,RU,1643733223
Luena,-11.7833,19.9167,68.9,77,79,4.45,AO,1643733223
Yerbogachën,61.2767,108.0108,-25.44,100,73,1.9,RU,1643733223
Carballo,43.213,-8.691,60.76,81,0,9.82,ES,1643733185
North Adams,42.7009,-73.1087,32.32,44,0,10.36,US,1643733030
Jurilovca,44.7667,28.8667,38.01,87,100,3.18,RO,1643733224
Kaitangata,-46.2817,169.8464,58.59,97,73,5.3,NZ,1643733224
Salalah,17.0151,54.0924,75.29,60,0,4.61,OM,1643733224
Dikson,73.5069,80.5464,1.83,92,100,19.22,RU,1643733187
Lamballe,48.4676,-2.5144,50.94,93,35,1.01,FR,1643733225
Eyl,7.9803,49.8164,76.37,78,83,22.17,SO,1643733225
Vestmannaeyjar,63.4427,-20.2734,31.19,93,100,6.91,IS,1643733225
Kikwit,-5.041,18.8162,79.2,67,40,1.66,CD,1643733226
Bhopal,23.2667,77.4,61.03,82,0,2.3,IN,1643733181
Lüderitz,-26.6481,15.1594,67.96,82,43,9.4,NA,1643733226
Mananjary,-21.2167,48.3333,76.91,83,12,7.4,MG,1643733226
Zheleznodorozhnyy,55.7503,38.0042,30.61,94,100,9.42,RU,1643733171
Chicama,-7.8447,-79.1469,68.54,54,89,10.71,PE,1643733227
‘Āhuimanu,21.4447,-157.8378,73.11,85,20,1.99,US,1643733227
Beloha,-25.1667,45.05,75.38,75,0,22.1,MG,1643733227
Dubbo,-32.25,148.6167,73.53,94,100,4.61,AU,1643733228
Popondetta,-8.7537,148.2534,74.19,95,100,2.51,PG,1643733228
Kenai,60.5544,-151.2583,17.65,75,100,21.85,US,1643733228
São João da Barra,-21.6403,-41.0511,91.49,80,99,7.09,BR,1643733228
Tommot,58.9564,126.2925,-7.11,95,100,8.23,RU,1643733229
Turtas,58.9417,69.1325,2.73,99,74,4.07,RU,1643733132
Berdigestyakh,62.0989,126.6992,-18.67,96,100,7.31,RU,1643733229
Rafaela,-31.2503,-61.4867,91.0,37,0,5.01,AR,1643733229
Santa Maria,-29.6842,-53.8069,85.3,62,20,6.91,BR,1643733019
Novo Aripuanã,-5.1206,-60.3797,87.51,63,68,3.85,BR,1643733230
Aykhal,66.0,111.5,-23.91,100,27,3.42,RU,1643733230
Narsaq,60.9167,-46.05,19.62,88,79,2.64,GL,1643733230
Castro,-24.7911,-50.0119,78.31,60,35,0.69,BR,1643733153
Bambanglipuro,-7.95,110.2833,63.61,88,86,3.18,ID,1643733231
Ostrovnoy,68.0531,39.5131,13.48,95,100,4.05,RU,1643733231
Tucuruí,-3.7661,-49.6725,82.15,81,86,2.37,BR,1643733232
Kamenka,51.3223,42.7678,22.32,95,94,10.18,RU,1643733232
Husavik,66.0449,-17.3389,19.31,80,47,10.76,IS,1643733232
Arrifes,37.7667,-25.7,64.24,72,20,16.11,PT,1643733232
Sobolevo,54.4299,31.8996,19.31,93,98,10.45,RU,1643733233
Perth,-31.9333,115.8333,71.78,44,0,18.41,AU,1643733081
Mazara del Vallo,37.6641,12.588,55.35,50,5,25.19,IT,1643733233
Ushtobe,45.2514,77.9838,20.1,89,10,8.81,KZ,1643733233
Hofn,64.2539,-15.2082,22.59,59,2,8.05,IS,1643733234
Bandar,2.05,99.75,72.57,97,100,3.04,ID,1643733234
Chabahar,25.2919,60.643,73.33,70,0,10.71,IR,1643733234
Hargeisa,9.56,44.065,63.41,76,76,11.07,SO,1643733235
Severnyy-Kospashskiy,59.0925,57.8008,27.61,91,100,11.12,RU,1643733235
Saint Paul Harbor,57.79,-152.4072,35.11,93,100,21.85,US,1643733035
Saint Anthony,45.0205,-93.218,19.81,72,100,8.01,US,1643733295
Karlskoga,59.3267,14.5239,24.12,64,100,10.25,SE,1643733296
Beruwala,6.4788,79.9828,79.38,73,41,3.44,LK,1643733296
Acapulco de Juárez,16.8634,-99.8901,80.42,69,0,0.0,MX,1643733082
Gravdal,68.1214,13.5031,29.88,55,100,14.47,NO,1643733296
Barra de Tecoanapa,16.5167,-98.75,81.99,56,0,6.78,MX,1643733296
Kalininsk,51.5,44.4758,30.61,90,99,15.7,RU,1643733297
Bozeman,45.6796,-111.0386,18.88,83,100,1.99,US,1643733297
Suntar,62.1444,117.6319,-24.72,99,86,3.6,RU,1643733297
Hamilton,39.1834,-84.5333,49.71,53,75,1.01,US,1643733028
Los Llanos de Aridane,28.6585,-17.9182,66.13,77,75,7.0,ES,1643733298
Sola,-13.8833,167.55,78.96,86,100,17.4,VU,1643733298
Yurty,56.0498,97.6348,-4.81,100,97,1.81,RU,1643733298
Córdoba,-31.4135,-64.1811,92.43,50,20,5.01,AR,1643733207
Boyolangu,-8.1181,111.8935,74.41,92,97,5.12,ID,1643733299
Chernyshevskiy,63.0128,112.4714,-31.05,100,19,2.04,RU,1643733299
Klaksvík,62.2266,-6.589,32.92,73,100,27.67,FO,1643733300
Spitsevka,45.1231,42.5125,36.01,94,100,3.67,RU,1643733300
Abū Zabad,12.35,29.25,70.36,17,56,10.22,SD,1643733300
Atambua,-9.1061,124.8925,74.35,87,56,6.91,ID,1643733301
Souillac,-20.5167,57.5167,79.36,94,75,19.57,MU,1643733301
Esim,4.8699,-2.2405,83.57,67,40,11.5,GH,1643733302
Punta Alta,-38.8759,-62.0736,89.24,28,24,13.69,AR,1643733302
Berezovyy,51.6667,135.7,-0.54,99,100,2.55,RU,1643733303
Plainview,40.7765,-73.4673,36.0,63,0,1.99,US,1643733303
Amapá,1.0,-52.0,79.07,91,88,3.33,BR,1643733303
Zaysan,47.4667,84.8667,4.57,96,100,1.52,KZ,1643733304
Chiredzi,-21.05,31.6667,82.33,44,5,4.59,ZW,1643733304
Río Cuarto,-33.1307,-64.3499,87.57,51,0,16.11,AR,1643733053
Meadow Lake,34.8014,-106.5436,49.73,24,40,4.45,US,1643733082
Nagapattinam,10.7667,79.8333,75.02,73,7,10.13,IN,1643733305
Raja,8.4596,25.678,77.02,19,2,4.03,SS,1643733305
Bontang,0.1333,117.5,78.06,87,100,9.95,ID,1643733305
Iquique,-20.2208,-70.1431,75.24,65,0,8.63,CL,1643733306
Codrington,-38.2667,141.9667,56.23,55,47,14.0,AU,1643733306
Bichena,10.45,38.2,64.35,36,87,1.59,ET,1643733306
Vanavara,60.34,102.2797,-2.96,99,100,3.22,RU,1643733307
Satun,6.8333,100.0,82.11,91,74,3.38,TH,1643733307
Mariinsk,56.2139,87.7472,12.54,95,99,5.39,RU,1643733307
Karratha,-20.7377,116.8463,88.18,57,99,6.15,AU,1643733308
Altay,47.8667,88.1167,13.53,75,100,3.51,CN,1643733308
Aljezur,37.3191,-8.8033,60.06,52,0,4.52,PT,1643733308
Acajutla,13.5928,-89.8275,88.14,59,2,6.76,SV,1643733309
Gumlā,23.05,84.55,59.04,37,3,4.38,IN,1643733369
Mattru,7.6244,-11.8332,95.63,22,83,3.06,SL,1643733370
Morgan City,29.6994,-91.2068,66.2,94,100,11.5,US,1643733370
Bay Roberts,47.5999,-53.2648,29.34,51,16,8.01,CA,1643733370
São Gabriel da Cachoeira,-0.1303,-67.0892,89.4,62,40,4.61,BR,1643733371
Pevek,69.7008,170.3133,-13.43,88,85,1.81,RU,1643733371
Mahajanga,-15.7167,46.3167,84.22,74,20,9.22,MG,1643733371
Bac Lieu,9.285,105.7244,78.33,79,40,16.46,VN,1643733372
Lovington,32.944,-103.3485,47.64,20,34,12.12,US,1643733372
Sakon Nakhon,17.1612,104.1472,71.15,99,26,6.62,TH,1643733372
Dingle,10.9995,122.6711,73.71,94,89,7.52,PH,1643733197
Haines Junction,60.7522,-137.5108,-41.85,66,90,0.0,CA,1643733373
Arman',59.7,150.1667,1.78,81,79,9.66,RU,1643733373
Abaza,52.655,90.0928,7.83,98,100,0.76,RU,1643733373
São Luís de Montes Belos,-16.525,-50.3722,78.55,80,99,6.8,BR,1643733374
Fairbanks,64.8378,-147.7164,-12.41,73,0,0.0,US,1643733313
Muisne,0.6,-80.0333,78.91,75,100,7.18,EC,1643733374
Caravelas,-17.7125,-39.2481,88.05,58,98,10.51,BR,1643733374
Cassilândia,-19.1133,-51.7342,72.97,92,100,3.4,BR,1643733375
Mulegé,26.8833,-111.9833,70.05,27,6,3.06,MX,1643733375
São Luiz Gonzaga,-28.4083,-54.9608,99.79,16,0,5.77,BR,1643733375
Rumonge,-3.9736,29.4386,70.03,86,100,2.98,BI,1643733376
Øksfjord,70.2396,22.3479,26.78,64,85,9.91,NO,1643733376
Fuyang,32.9,115.8167,36.0,50,100,5.46,CN,1643733376
Naantali,60.4674,22.0243,15.12,92,20,0.0,FI,1643733377
Nishihara,26.1842,127.7558,64.06,72,100,9.22,JP,1643733377
Zhangye,38.9342,100.4517,19.9,27,87,2.68,CN,1643733377
Viedma,-40.8135,-62.9967,79.34,29,42,13.62,AR,1643733378
Havelock,34.8791,-76.9013,51.98,65,0,5.01,US,1643733378
Kayerkan,69.3497,87.7602,5.52,77,100,7.38,RU,1643733378
Batouri,4.4333,14.3667,85.35,20,23,1.52,CM,1643733379
Inhambane,-23.865,35.3833,84.18,70,20,11.5,MZ,1643733379
Shubarkuduk,49.1447,56.4872,21.2,88,99,11.27,KZ,1643733379
Konongo,6.6167,-1.2167,94.8,11,3,3.89,GH,1643733380
Snezhnogorsk,69.1933,33.2531,6.96,100,100,2.66,RU,1643733380
Igarka,67.4667,86.5833,8.74,94,100,14.09,RU,1643733380
Loreto,22.2667,-101.9667,61.45,16,0,11.48,MX,1643733381
Elmont,40.7009,-73.7129,36.84,59,20,5.01,US,1643733381
Pyryatyn,50.2445,32.5107,16.27,95,10,6.8,UA,1643733381
Shahrud,36.4182,54.9763,34.84,77,100,2.06,IR,1643733382
Broome,42.2506,-75.833,32.45,48,46,3.0,US,1643733382
Kawalu,-7.3817,108.2082,73.8,94,100,3.0,ID,1643733382
Aden,12.7794,45.0367,78.17,75,36,9.78,YE,1643733218
Sémbé,1.6481,14.5806,86.31,32,76,1.52,CG,1643733190
Ahipara,-35.1667,173.1667,69.1,88,100,15.21,NZ,1643733383
Sistranda,63.7256,8.834,24.76,62,100,11.99,NO,1643733383
Shimanovsk,52.0,127.7,-7.13,91,7,6.82,RU,1643733384
Banjar,-8.19,114.9675,80.46,92,94,0.6,ID,1643733444
Pemba,-12.974,40.5178,84.9,74,75,10.36,MZ,1643733444
São Miguel do Araguaia,-13.275,-50.1628,82.89,68,94,4.99,BR,1643733377
Amursk,50.2261,136.8994,-7.67,99,94,3.8,RU,1643733445
Itupiranga,-5.1347,-49.3267,88.12,71,98,0.87,BR,1643733316
Oranjemund,-28.55,16.4333,68.7,80,38,12.35,NA,1643733445
Praia,14.9215,-23.5087,81.14,57,96,12.66,CV,1643733145
Vestmanna,62.1564,-7.1664,31.12,69,100,24.16,FO,1643733446
Kattivākkam,13.2167,80.3167,78.89,63,1,8.39,IN,1643733446
Rettikhovka,44.1683,132.7669,2.68,99,100,1.1,RU,1643733446
Lavrentiya,65.5833,-171.0,3.74,68,16,20.13,RU,1643733446
Bulle,46.6195,7.0567,37.58,74,99,11.99,CH,1643733447
Kumul,42.8,93.45,23.18,33,15,3.42,CN,1643733169
Grand Gaube,-20.0064,57.6608,79.38,82,97,13.0,MU,1643733447
Tura,25.5198,90.2201,53.96,68,15,3.8,IN,1643733447
Sambava,-14.2667,50.1667,79.86,81,64,14.94,MG,1643733448
Cayenne,4.9333,-52.3333,75.24,94,75,5.75,GF,1643733448
Hambantota,6.1241,81.1185,76.33,74,7,16.17,LK,1643733448
Grand-Lahou,5.1367,-5.0242,83.66,68,79,11.21,CI,1643733449
Fujin,47.26,132.0322,-1.95,92,19,8.88,CN,1643733449
Poyarkovo,49.6,128.6833,-17.32,100,40,4.68,RU,1643733449
Ust'-Ilimsk,58.0006,102.6619,3.04,98,100,2.91,RU,1643733450
Chumikan,54.7183,135.315,-7.62,86,13,13.31,RU,1643733450
Bonavista,48.6499,-53.1147,28.11,54,27,20.45,CA,1643733450
Gizo Government Station,-8.103,156.8419,82.69,78,96,10.6,SB,1643733451
Marondera,-18.1853,31.5519,64.98,82,73,4.05,ZW,1643733451
Dombarovskiy,50.7587,59.5386,17.94,84,100,14.54,RU,1643733451
Port Elizabeth,-33.918,25.5701,81.1,69,20,4.61,ZA,1643733451
Maryville,35.7565,-83.9705,53.1,43,40,3.44,US,1643733374
Bitung,1.4451,125.1824,77.85,85,100,9.42,ID,1643733337
Chase,50.8165,-119.6857,29.19,96,95,4.59,CA,1643733452
Padang,-0.9492,100.3543,75.94,92,100,4.92,ID,1643733452
Pimenta Bueno,-11.6725,-61.1936,74.28,92,98,2.13,BR,1643733453
Launceston,-41.45,147.1667,54.61,54,72,5.99,AU,1643733453
Warmbad,-28.45,18.7333,85.5,46,100,10.94,NA,1643733453
Khani,41.9563,42.9566,36.97,81,81,7.7,GE,1643733453
La Ronge,55.1001,-105.2842,-14.55,70,0,9.22,CA,1643733454
Muros,42.7762,-9.0603,65.68,51,1,7.34,ES,1643733417
Bulawayo,-20.15,28.5833,71.76,65,90,5.41,ZW,1643733454
Hammerfest,70.6634,23.6821,26.33,73,40,5.75,NO,1643733314
Halifax,44.6453,-63.5724,22.21,52,20,1.01,CA,1643733231
Jackson,42.4165,-122.8345,33.04,93,0,0.0,US,1643733334
Rawson,-43.3002,-65.1023,76.39,38,33,4.81,AR,1643733455
Shakiso,5.75,38.9167,64.33,30,96,3.78,ET,1643733455
Verāval,20.9,70.3667,71.37,82,0,8.03,IN,1643733455
Srednekolymsk,67.45,153.6833,-22.09,97,100,4.63,RU,1643733456
Pangody,65.85,74.4859,-13.59,100,89,5.97,RU,1643733456
Gushikawa,26.3544,127.8686,63.99,68,100,12.66,JP,1643733456
Atlantic Beach,30.3344,-81.3987,69.06,63,40,3.0,US,1643733333
Umred,20.85,79.3333,66.49,28,0,3.62,IN,1643733517
Torbay,47.6666,-52.7314,28.58,54,40,21.85,CA,1643733517
Alekseyevsk,57.8406,108.3492,-5.19,100,98,2.77,RU,1643733517
Tezu,27.9167,96.1667,52.77,94,99,3.2,IN,1643733518
Lock Haven,41.137,-77.4469,35.69,64,99,8.99,US,1643733518
Bauchi,10.5,10.0,79.25,14,8,6.17,NG,1643733519
Ulaangom,49.9811,92.0667,-22.97,90,77,3.2,MN,1643733519
Venkatagiri,13.9667,79.5833,70.29,80,0,4.41,IN,1643733520
Loikaw,19.6742,97.2094,55.65,51,4,3.8,MM,1643733520
Vokhtoga,58.8147,41.0461,23.29,96,100,6.53,RU,1643733520
Bilibino,68.0546,166.4372,8.98,66,100,6.58,RU,1643733521
Touros,-5.1989,-35.4608,90.5,61,10,14.47,BR,1643733521
Gubkinskiy,64.434,76.5026,-7.38,100,91,3.51,RU,1643733521
Esperance,-33.8667,121.9,60.64,65,64,16.28,AU,1643733521
La Fria,8.2203,-72.2439,82.51,49,68,6.13,VE,1643733522
Nhulunbuy,-12.2333,136.7667,77.61,94,100,8.05,AU,1643733343
Nehe,48.4833,124.8333,-9.29,93,87,3.22,CN,1643733522
Châteaudun,48.0833,1.3333,50.14,95,100,12.59,FR,1643733522
Ust-Maya,60.4167,134.5333,-15.32,99,100,3.13,RU,1643733523
Synya,65.3718,58.0387,-5.21,100,35,3.47,RU,1643733523
Bahía Blanca,-38.7196,-62.2724,93.43,18,35,14.9,AR,1643733523
Mlonggo,-6.5333,110.7,73.53,86,96,4.97,ID,1643733524
Cotonou,6.3654,2.4183,89.58,37,98,9.22,BJ,1643733479
Southbridge,42.0751,-72.0334,32.49,62,25,4.0,US,1643733524
Diamantino,-14.4086,-56.4461,73.35,91,100,6.49,BR,1643733524
Alofi,-19.0595,-169.9187,67.89,94,9,1.14,NU,1643733525
Deniliquin,-35.5333,144.9667,57.0,61,0,14.0,AU,1643733525
Mayo,38.8876,-76.5119,40.55,63,0,1.01,US,1643733526
Sitka,57.0531,-135.33,30.09,86,100,0.0,US,1643733417
Sofiyivka,48.0493,33.8746,28.92,90,95,1.1,UA,1643733526
Lárdos,36.0942,28.0157,55.22,77,100,18.59,GR,1643733526
Mackay,-21.15,149.2,78.67,94,40,0.0,AU,1643733526
Gobabis,-22.45,18.9667,71.4,75,99,3.51,NA,1643733527
San Miguel de Tucumán,-26.8241,-65.2226,86.0,51,0,3.44,AR,1643733371
Khovd,48.0056,91.6419,-6.09,90,100,0.47,MN,1643733527
Canavieiras,-15.675,-38.9472,86.77,59,28,10.11,BR,1643733527
Kichera,55.9375,110.0997,-10.7,91,85,4.54,RU,1643733528
Geraldton,-28.7667,114.6,84.61,28,98,12.66,AU,1643733528
Ponta do Sol,32.6667,-17.1,68.63,64,13,13.15,PT,1643733528
Benghazi,32.1167,20.0667,58.59,58,68,19.98,LY,1643733529
Baghdad,33.3406,44.4009,53.51,66,0,5.75,IQ,1643733425
Calama,-22.4667,-68.9333,71.62,25,1,17.94,CL,1643733290
Constitución,-35.3333,-72.4167,68.86,61,4,8.75,CL,1643733529
Seymchan,62.8833,152.4333,-8.0,94,100,7.02,RU,1643733530
Omaruru,-21.4333,15.9333,75.88,49,99,13.11,NA,1643733530
Bouza,14.4229,6.0428,75.2,9,0,7.61,NE,1643733590
Khvoynaya,58.9,34.5333,18.84,96,100,4.81,RU,1643733590
Querecotillo,-4.8378,-80.6456,87.48,38,52,6.6,PE,1643733591
Moussoro,13.6408,16.4901,72.7,12,0,10.69,TD,1643733591
Mayumba,-3.432,10.6554,80.44,81,56,6.26,GA,1643733591
Poronaysk,49.2167,143.1167,0.28,92,81,6.15,RU,1643733592
Belaya Gora,68.5333,146.4167,-19.66,99,100,3.47,RU,1643733592
Mossamedes,-15.1961,12.1522,75.92,64,22,13.04,AO,1643733592
Kyabram,-36.3167,145.05,56.88,61,0,16.28,AU,1643733593
Tagusao,9.1924,117.8141,77.72,86,61,5.08,PH,1643733593
Makakilo City,21.3469,-158.0858,71.92,82,0,3.44,US,1643733593
Vincennes,48.85,2.4333,50.56,91,100,8.01,FR,1643733593
Nantucket,41.2835,-70.0995,39.31,68,100,12.66,US,1643733445
Safi,32.2994,-9.2372,69.51,45,0,16.44,MA,1643733594
Polson,47.6936,-114.1632,22.1,88,99,3.13,US,1643733594
Abhā,18.2164,42.5053,58.82,77,0,4.61,SA,1643733586
Klatovy,49.3955,13.2951,35.53,86,100,24.2,CZ,1643733595
Reyes,-14.3167,-67.3833,85.96,70,100,0.0,BO,1643733595
Kununurra,-15.7667,128.7333,78.78,83,100,6.91,AU,1643733372
The Pas,53.8251,-101.2541,-12.98,70,0,16.11,CA,1643733595
Mopipi,-21.1833,24.8833,80.15,54,98,6.53,BW,1643733596
Wajir,1.7471,40.0573,93.16,31,0,0.0,KE,1643733596
Svecha,58.2785,47.5164,27.39,93,100,11.01,RU,1643733596
Mengyin,35.7069,117.9264,29.68,36,100,1.97,CN,1643733597
Northam,51.0333,-4.2167,52.02,94,99,20.6,GB,1643733597
Vila Franca do Campo,37.7167,-25.4333,66.2,69,58,12.26,PT,1643733597
Puerto Suárez,-18.95,-57.8,90.16,62,75,2.3,BO,1643733598
Mugur-Aksy,50.35,90.5,-8.0,97,70,5.3,RU,1643733598
‘Ewa Beach,21.3156,-158.0072,73.35,82,0,3.0,US,1643733598
Port Hawkesbury,45.6169,-61.3485,23.92,86,100,8.01,CA,1643733599
Xaçmaz,41.4635,48.806,38.97,85,18,4.97,AZ,1643733599
Inuvik,68.3499,-133.7218,-10.34,77,75,4.61,CA,1643733315
Faranah,10.0404,-10.7434,92.73,9,93,9.01,GN,1643733599
Altyn-Topkan,40.6528,69.5998,27.07,40,36,7.76,TJ,1643733600
Tsiroanomandidy,-18.7667,46.0333,73.65,69,38,2.21,MG,1643733600
Samarai,-10.6167,150.6667,81.32,77,99,14.83,PG,1643733601
Vicuña,-30.0319,-70.7081,82.78,56,99,6.91,CL,1643733601
Cairns,-16.9167,145.7667,79.07,97,40,3.44,AU,1643733533
Nara,34.6851,135.8049,42.08,47,14,13.98,JP,1643733601
Svetlaya,46.5389,138.3297,8.4,74,13,9.46,RU,1643733602
Vaitape,-16.5167,-151.75,80.65,75,7,19.33,PF,1643733603
